{
  "metadata": {
    "generated_at": "2026-04-28 16:40:37",
    "total_trials_per_run": 1293750
  },
  "scenario_1": {
    "algorithm_used": "grid_search",
    "in_sample": {
      "max_return": {
        "threshold_buy": 34.0,
        "threshold_sell": 79.0,
        "allocation_buy_pct": 0.25,
        "allocation_sell_pct": 0.25,
        "total_return": 15683432025818.168,
        "max_drawdown": 0.9183089231652518,
        "sharpe_ratio": 2.4379246513477746,
        "win_rate": 0.8980392156862745,
        "trade_count": 2153.0
      },
      "min_drawdown": {
        "threshold_buy": 1.0,
        "threshold_sell": 57.0,
        "allocation_buy_pct": 0.01,
        "allocation_sell_pct": 0.25,
        "total_return": 743.5557505510577,
        "max_drawdown": 0.8316274575929019,
        "sharpe_ratio": 1.1681130262071766,
        "win_rate": 0.7496423462088698,
        "trade_count": 1343.0
      },
      "max_sharpe": {
        "threshold_buy": 30.0,
        "threshold_sell": 100.0,
        "allocation_buy_pct": 0.25,
        "allocation_sell_pct": 0.01,
        "total_return": 5117.930929421857,
        "max_drawdown": 0.9876651982378855,
        "sharpe_ratio": 2.686227819765947,
        "win_rate": 0.0,
        "trade_count": 1821.0
      }
    },
    "out_of_sample": {
      "max_return": {
        "threshold_buy": 34.0,
        "threshold_sell": 79.0,
        "allocation_buy_pct": 0.25,
        "allocation_sell_pct": 0.25,
        "total_return": 0.72454839659592,
        "max_drawdown": 0.6676637218491243,
        "sharpe_ratio": 1.1873207813392506,
        "win_rate": 0.0,
        "trade_count": 752
      },
      "min_drawdown": {
        "threshold_buy": 1.0,
        "threshold_sell": 57.0,
        "allocation_buy_pct": 0.01,
        "allocation_sell_pct": 0.25,
        "total_return": 1.153221323245164,
        "max_drawdown": 0.5157159877719194,
        "sharpe_ratio": 0.5928050500649896,
        "win_rate": 1.0,
        "trade_count": 191
      },
      "max_sharpe": {
        "threshold_buy": 30.0,
        "threshold_sell": 100.0,
        "allocation_buy_pct": 0.25,
        "allocation_sell_pct": 0.01,
        "total_return": 0.7186185861265156,
        "max_drawdown": 0.667556723929451,
        "sharpe_ratio": 1.1844084396667907,
        "win_rate": 0.0,
        "trade_count": 674
      }
    },
    "degradation": {
      "max_return": {
        "return_degradation_pct": 99.99999999999538,
        "drawdown_degradation_pct": -27.294213852588623,
        "sharpe_degradation_pct": 51.29788852650323,
        "trade_count_oos": 752,
        "low_sample_warning": false
      },
      "min_drawdown": {
        "return_degradation_pct": 99.84490452499487,
        "drawdown_degradation_pct": -37.987137983078405,
        "sharpe_degradation_pct": 49.25105389931251,
        "trade_count_oos": 191,
        "low_sample_warning": false
      },
      "max_sharpe": {
        "return_degradation_pct": 99.98595880647792,
        "drawdown_degradation_pct": -32.41062607850786,
        "sharpe_degradation_pct": 55.9081165435183,
        "trade_count_oos": 674,
        "low_sample_warning": false
      }
    }
  },
  "scenario_2": {
    "algorithm_used": "grid_search",
    "disclosure": "Hasil ini menggunakan seluruh data historis dalam proses optimisasi. Konfigurasi ini tidak dapat digunakan sebagai sinyal prediktif. Tujuannya adalah memetakan batas potensi maksimal indikator CBBI secara historis.",
    "full_dataset": {
      "max_return": {
        "threshold_buy": 7.0,
        "threshold_sell": 79.0,
        "allocation_buy_pct": 0.25,
        "allocation_sell_pct": 0.25,
        "total_return": 38018070532205.93,
        "max_drawdown": 0.8850286849975757,
        "sharpe_ratio": 2.014198745972963,
        "win_rate": 0.9449339207048458,
        "trade_count": 1649.0
      },
      "min_drawdown": {
        "threshold_buy": 1.0,
        "threshold_sell": 57.0,
        "allocation_buy_pct": 0.01,
        "allocation_sell_pct": 0.25,
        "total_return": 1608.7106584695848,
        "max_drawdown": 0.8316274575929019,
        "sharpe_ratio": 0.9949188219515324,
        "win_rate": 0.8586429725363489,
        "trade_count": 1974.0
      },
      "max_sharpe": {
        "threshold_buy": 30.0,
        "threshold_sell": 100.0,
        "allocation_buy_pct": 0.25,
        "allocation_sell_pct": 0.01,
        "total_return": 12823.75363232786,
        "max_drawdown": 0.9876651982378855,
        "sharpe_ratio": 2.2958962663430404,
        "win_rate": 0.0,
        "trade_count": 2495.0
      }
    }
  },
  "buy_and_hold_benchmark": {
    "in_sample": {
      "total_return": 4836.166666666667,
      "max_drawdown": 0.9876651982378855,
      "sharpe_ratio": 2.687267167302195
    },
    "out_of_sample": {
      "total_return": 1.4748306728838365,
      "max_drawdown": 0.7666785111486186,
      "sharpe_ratio": 1.3851705868827542
    },
    "full_dataset": {
      "total_return": 12117.833333333334,
      "max_drawdown": 0.9876651982378855,
      "sharpe_ratio": 2.296577928740225
    }
  }
}