{
  "metadata": {
    "generated_at": "2026-04-27 19:57:19",
    "total_trials_per_run": 1293750
  },
  "scenario_1": {
    "algorithm_used": "grid_search",
    "in_sample": {
      "max_return": {
        "threshold_buy": 30.0,
        "threshold_sell": 79.0,
        "allocation_buy_pct": 0.25,
        "allocation_sell_pct": 0.25,
        "total_return": 12297253217549.527,
        "max_drawdown": 0.9149226343744576,
        "sharpe_ratio": 2.4574162167497113,
        "win_rate": 0.9948979591836735,
        "trade_count": 1439.0
      },
      "min_drawdown": {
        "threshold_buy": 1.0,
        "threshold_sell": 55.0,
        "allocation_buy_pct": 0.01,
        "allocation_sell_pct": 0.25,
        "total_return": 10.204156376350943,
        "max_drawdown": 0.35539778649447684,
        "sharpe_ratio": 0.6713866942759955,
        "win_rate": 0.9964114832535885,
        "trade_count": 857.0
      },
      "max_sharpe": {
        "threshold_buy": 39.0,
        "threshold_sell": 100.0,
        "allocation_buy_pct": 0.25,
        "allocation_sell_pct": 0.01,
        "total_return": 5140.135033443245,
        "max_drawdown": 0.9876651982378855,
        "sharpe_ratio": 2.6855892839364177,
        "win_rate": 0.0,
        "trade_count": 1728.0
      }
    },
    "out_of_sample": {
      "max_return": {
        "threshold_buy": 30.0,
        "threshold_sell": 79.0,
        "allocation_buy_pct": 0.25,
        "allocation_sell_pct": 0.25,
        "total_return": 1.2893135490912884,
        "max_drawdown": 0.6449606819715982,
        "sharpe_ratio": 1.142530946685255,
        "win_rate": 0.0,
        "trade_count": 378
      },
      "min_drawdown": {
        "threshold_buy": 1.0,
        "threshold_sell": 55.0,
        "allocation_buy_pct": 0.01,
        "allocation_sell_pct": 0.25,
        "total_return": 0.0,
        "max_drawdown": 0.0,
        "sharpe_ratio": 0.0,
        "win_rate": 0.0,
        "trade_count": 0
      },
      "max_sharpe": {
        "threshold_buy": 39.0,
        "threshold_sell": 100.0,
        "allocation_buy_pct": 0.25,
        "allocation_sell_pct": 0.01,
        "total_return": 0.7186185861265156,
        "max_drawdown": 0.667556723929451,
        "sharpe_ratio": 1.1844084396667907,
        "win_rate": 0.0,
        "trade_count": 786
      }
    },
    "degradation": {
      "max_return": {
        "return_degradation_pct": 99.99999999998951,
        "drawdown_degradation_pct": -29.506533367975464,
        "sharpe_degradation_pct": 53.50681993152884,
        "trade_count_oos": 378,
        "low_sample_warning": false
      },
      "min_drawdown": {
        "return_degradation_pct": 100.0,
        "drawdown_degradation_pct": -100.0,
        "sharpe_degradation_pct": 100.0,
        "trade_count_oos": 0,
        "low_sample_warning": true
      },
      "max_sharpe": {
        "return_degradation_pct": 99.98601946093923,
        "drawdown_degradation_pct": -32.41062607850786,
        "sharpe_degradation_pct": 55.89763309113531,
        "trade_count_oos": 786,
        "low_sample_warning": false
      }
    }
  },
  "scenario_2": {
    "algorithm_used": "grid_search",
    "disclosure": "Hasil ini menggunakan seluruh data historis dalam proses optimisasi. Konfigurasi ini tidak dapat digunakan sebagai sinyal prediktif. Tujuannya adalah memetakan batas potensi maksimal indikator CBBI secara historis.",
    "full_dataset": {
      "max_return": {
        "threshold_buy": 27.0,
        "threshold_sell": 79.0,
        "allocation_buy_pct": 0.25,
        "allocation_sell_pct": 0.25,
        "total_return": 36932888891125.27,
        "max_drawdown": 0.914736226483821,
        "sharpe_ratio": 2.073813953219605,
        "win_rate": 0.9950248756218906,
        "trade_count": 1471.0
      },
      "min_drawdown": {
        "threshold_buy": 1.0,
        "threshold_sell": 55.0,
        "allocation_buy_pct": 0.01,
        "allocation_sell_pct": 0.25,
        "total_return": 10.204156376350943,
        "max_drawdown": 0.35539778649447684,
        "sharpe_ratio": 0.4965549573846399,
        "win_rate": 0.9975589910496339,
        "trade_count": 1250.0
      },
      "max_sharpe": {
        "threshold_buy": 39.0,
        "threshold_sell": 100.0,
        "allocation_buy_pct": 0.25,
        "allocation_sell_pct": 0.01,
        "total_return": 12879.382857966397,
        "max_drawdown": 0.9876651982378855,
        "sharpe_ratio": 2.295423447613683,
        "win_rate": 0.0,
        "trade_count": 2514.0
      }
    }
  },
  "buy_and_hold_benchmark": {
    "in_sample": {
      "total_return": 4836.166666666667,
      "max_drawdown": 0.9876651982378855,
      "sharpe_ratio": 2.687267167302195
    },
    "out_of_sample": {
      "total_return": 1.4748306728838365,
      "max_drawdown": 0.7666785111486186,
      "sharpe_ratio": 1.3851705868827542
    },
    "full_dataset": {
      "total_return": 12117.833333333334,
      "max_drawdown": 0.9876651982378855,
      "sharpe_ratio": 2.296577928740225
    }
  }
}